Country,Tariff_Var
1,0.00294488724738343
2,0.164002758239207
3,0.0635989720456534
4,0.0737415155007968
5,3.01006585945339
6,0.0171436005136513
7,0.0231201800685811
