Country,RSS_Ossa,RSS_LM,GradNorm_Ossa,GradNorm_LM,Lambda_Corr,Tariff_Corr
1,0.000222345,3.55E-07,0.00975494,0.000372877,0.999883701,0.998872509
2,0.002809529,0.000104085,0.044007107,0.08559792,0.999582561,0.999735366
3,0.01828695,0.017403914,0.029420008,0.04620309,0.998891531,0.999008918
4,0.002796152,5.37E-06,0.069386665,0.390959693,0.999311801,0.999415921
5,0.343133728,4.360397868,0.582966992,0.455731679,0.371861053,0.975669262
6,0.000232593,2.82E-06,0.00568011,0.001844943,0.999914045,0.999785651
7,0.001106026,1.01E-06,0.014933782,0.000605877,0.999770749,0.999301943