Country,RSS_Ossa,RSS_GN,GradNorm_Ossa,GradNorm_GN
1,0.000222344592678153,1.86640117495446e-06,0.0142370684405242,0.00143903630076696
2,0.00280952875140873,7.55816983133286e-05,0.0440071071511669,0.134006432353153
3,0.0182869497569716,0.0178197863118065,0.0294200077590834,0.0310968211233343
4,0.00279615197335721,6.6022851881943e-06,0.156453751898591,1.36496059495043
5,0.356281186122585,0.251907708752487,5.21889798103085,0.691612805413557
6,0.000232592948200586,2.62162588532006e-07,0.00571131783495599,0.000465826070997395
7,0.00110602573130525,2.24952815052458e-06,0.0149337820989313,0.00134034195807391
