Country,RSS_Ossa,RSS_GN,GradNorm_Ossa,GradNorm_GN
1,0.000227799800994653,5.06341558776583e-06,0.0182765398718114,0.00840454159218001
2,0.00283934218159491,0.00193394012694806,0.0655894868406461,0.447797080458975
3,0.0182883354141076,0.0182081253455107,0.0500372686434534,0.0424822507452053
4,0.530616222543257,9.76605895459969e-06,51.3297539927174,1.34204928294789
5,0.355068077844298,0.33558735014314,0.372015467529207,0.453161468863512
6,0.000231851089874906,2.62967696185202e-07,0.0054926072870729,0.000416301344397926
7,0.00110122430705321,1.44805789546318e-06,0.0147579945848696,0.000439709117965957
